year,state,commodity,production_tonnes
1799,Australia,black_coal,950.0
1800,Australia,black_coal,1000.0
1801,Australia,black_coal,1050.0
1802,Australia,black_coal,1100.0
1803,Australia,black_coal,1150.0
1804,Australia,black_coal,1200.0
1805,Australia,black_coal,1250.0
1806,Australia,black_coal,1300.0
1807,Australia,black_coal,1350.0
1808,Australia,black_coal,1400.0
1809,Australia,black_coal,1450.0
1810,Australia,black_coal,1500.0
1811,Australia,black_coal,1550.0
1812,Australia,black_coal,1600.0
1813,Australia,black_coal,1650.0
1814,Australia,black_coal,1700.0
1815,Australia,black_coal,1750.0
1816,Australia,black_coal,1800.0
1817,Australia,black_coal,1850.0
1818,Australia,black_coal,1900.0
1819,Australia,black_coal,1950.0
1820,Australia,black_coal,2000.0
1821,Australia,black_coal,2050.0
1822,Australia,black_coal,2100.0
1823,Australia,black_coal,2150.0
1824,Australia,black_coal,2200.0
1825,Australia,black_coal,2250.0
1826,Australia,black_coal,2300.0
1827,Australia,black_coal,2350.0
1828,Australia,black_coal,2400.0
1829,Australia,black_coal,792.0
1830,Australia,black_coal,4064.0
1831,Australia,black_coal,5080.0
1832,Australia,black_coal,7257.0
1833,Australia,black_coal,6921.0
1834,Australia,black_coal,8626.0
1835,Australia,black_coal,12590.0
1836,Australia,black_coal,12848.0
1837,Australia,black_coal,16340.0
1838,Australia,black_coal,17496.0
1839,Australia,black_coal,21624.0
1840,Australia,black_coal,30740.0
1841,Australia,black_coal,35398.0
1842,Australia,black_coal,40538.0
1843,Australia,black_coal,26276.0
1844,Australia,black_coal,23488.0
1845,Australia,black_coal,22681.0
1846,Australia,black_coal,39588.0
1847,Australia,black_coal,41384.0
1848,Australia,black_coal,46174.0
1849,Australia,black_coal,49292.0
1850,Australia,black_coal,72355.0
1851,Australia,black_coal,68692.0
1852,Australia,black_coal,68482.0
1853,Australia,black_coal,106141.0
1854,Australia,black_coal,126508.0
1855,Australia,black_coal,147269.0
1856,Australia,black_coal,200999.0
1857,Australia,black_coal,221801.0
1858,Australia,black_coal,227859.0
1859,Australia,black_coal,321144.0
1860,Australia,black_coal,395288.0
1861,Australia,black_coal,361979.0
1862,Australia,black_coal,508598.0
1863,Australia,black_coal,465215.0
1864,Australia,black_coal,583196.0
1865,Australia,black_coal,630766.0
1866,Australia,black_coal,841109.0
1867,Australia,black_coal,809082.0
1868,Australia,black_coal,998724.0
1869,Australia,black_coal,956208.0
1870,Australia,black_coal,915405.0
1871,Australia,black_coal,940116.0
1872,Australia,black_coal,1065077.0
1873,Australia,black_coal,1256920.0
1874,Australia,black_coal,1382004.0
1875,Australia,black_coal,1391468.0
1876,Australia,black_coal,1399784.0
1877,Australia,black_coal,1541352.0
1878,Australia,black_coal,1666634.0
1879,Australia,black_coal,1674274.0
1880,Australia,black_coal,1561034.0
1881,Australia,black_coal,1875917.0
1882,Australia,black_coal,2227611.0
1883,Australia,black_coal,2677675.0
1884,Australia,black_coal,2926395.0
1885,Australia,black_coal,3145551.0
1886,Australia,black_coal,3119435.0
1887,Australia,black_coal,3243377.0
1888,Australia,black_coal,3622046.0
1889,Australia,black_coal,4035994.0
1890,Australia,black_coal,3519769.0
1891,Australia,black_coal,4445632.0
1892,Australia,black_coal,4171112.0
1893,Australia,black_coal,3727856.0
1894,Australia,black_coal,4211259.0
1895,Australia,black_coal,4357199.0
1896,Australia,black_coal,4622163.0
1897,Australia,black_coal,5100799.0
1898,Australia,black_coal,5494763.0
1899,Australia,black_coal,5537568.0
1900,Australia,black_coal,6487432.0
1901,Australia,black_coal,6990589.0
1902,Australia,black_coal,6968188.0
1903,Australia,black_coal,7223092.0
1904,Australia,black_coal,6962876.0
1905,Australia,black_coal,7615891.0
1906,Australia,black_coal,8733959.0
1907,Australia,black_coal,9848595.0
1908,Australia,black_coal,10356225.0
1909,Australia,black_coal,8316054.0
1910,Australia,black_coal,9914478.0
1911,Australia,black_coal,10712706.0
1912,Australia,black_coal,11913375.0
1913,Australia,black_coal,12613520.0
1914,Australia,black_coal,12641226.0
1915,Australia,black_coal,11595188.0
1916,Australia,black_coal,9966119.0
1917,Australia,black_coal,10361407.0
1918,Australia,black_coal,11057276.0
1919,Australia,black_coal,10622378.0
1920,Australia,black_coal,13010493.0
1921,Australia,black_coal,13003075.0
1922,Australia,black_coal,12403955.0
1923,Australia,black_coal,12717709.0
1924,Australia,black_coal,13977620.0
1925,Australia,black_coal,13844805.0
1926,Australia,black_coal,13487403.0
1927,Australia,black_coal,13739327.0
1928,Australia,black_coal,12029216.0
1929,Australia,black_coal,10531164.0
1930,Australia,black_coal,9683861.0
1931,Australia,black_coal,8535680.0
1932,Australia,black_coal,8723232.0
1933,Australia,black_coal,9237448.0
1934,Australia,black_coal,9957483.0
1935,Australia,black_coal,11062161.0
1936,Australia,black_coal,11552336.0
1937,Australia,black_coal,12267462.0
1938,Australia,black_coal,11867042.0
1939,Australia,black_coal,13751704.0
1940,Australia,black_coal,11913294.0
1941,Australia,black_coal,14439850.0
1942,Australia,black_coal,15111176.0
1943,Australia,black_coal,14363749.0
1944,Australia,black_coal,13976185.0
1945,Australia,black_coal,12997964.0
1946,Australia,black_coal,14104814.0
1947,Australia,black_coal,15068516.0
1948,Australia,black_coal,15019708.0
1949,Australia,black_coal,14331536.0
1950,Australia,black_coal,16808178.0
1951,Australia,black_coal,17890163.0
1952,Australia,black_coal,19714512.0
1953,Australia,black_coal,18705419.0
1954,Australia,black_coal,20079248.0
1955,Australia,black_coal,19583146.0
1956,Australia,black_coal,19582215.0
1957,Australia,black_coal,20237802.0
1958,Australia,black_coal,20768922.0
1959,Australia,black_coal,20623217.0
1960,Australia,black_coal,22930063.0
1961,Australia,black_coal,24390155.0
1962,Australia,black_coal,25138399.0
1963,Australia,black_coal,25254043.0
1964,Australia,black_coal,27230029.0
1965,Australia,black_coal,31941560.0
1966,Australia,black_coal,33900032.0
1967,Australia,black_coal,35359362.0
1968,Australia,black_coal,40936510.0
1969,Australia,black_coal,46119061.0
1970,Australia,black_coal,49551128.0
1971,Australia,black_coal,48828000.0
1972,Australia,black_coal,59762000.0
1973,Australia,black_coal,60655000.0
1974,Australia,black_coal,70139000.0
1975,Australia,black_coal,74721000.0
1976,Australia,black_coal,84189000.0
1977,Australia,black_coal,87431000.0
1978,Australia,black_coal,89353000.0
1979,Australia,black_coal,93042000.0
1980,Australia,black_coal,93406000.0
1981,Australia,black_coal,100621000.0
1982,Australia,black_coal,107358000.0
1983,Australia,black_coal,109045000.0
1984,Australia,black_coal,124569000.0
1985,Australia,black_coal,142351000.0
1986,Australia,black_coal,153198000.0
1987,Australia,black_coal,158960000.0
1988,Australia,black_coal,174397507.0
1989,Australia,black_coal,193000084.0
1990,Australia,black_coal,200218214.0
1991,Australia,black_coal,207201324.0
1992,Australia,black_coal,224120664.0
1993,Australia,black_coal,224168570.0
1994,Australia,black_coal,227849995.0
1995,Australia,black_coal,239731067.0
1996,Australia,black_coal,250177383.0
1997,Australia,black_coal,269980475.0
1998,Australia,black_coal,284405520.0
1999,Australia,black_coal,293233470.0
2000,Australia,black_coal,304232697.0
2001,Australia,black_coal,334010724.0
2002,Australia,black_coal,347167863.0
2003,Australia,black_coal,359564979.0
2004,Australia,black_coal,375923100.0
2005,Australia,black_coal,401238783.0
2006,Australia,black_coal,406281252.0
2007,Australia,black_coal,425077938.0
2008,Australia,black_coal,437357395.0
2009,Australia,black_coal,455401995.0
2010,Australia,black_coal,472396696.0
2011,Australia,black_coal,468866815.0
2012,Australia,black_coal,503861659.0
2013,Australia,black_coal,542833283.0
2014,Australia,black_coal,570801297.0
2015,Australia,black_coal,571924429.0
2016,Australia,black_coal,567105454.0
2017,Australia,black_coal,559212199.0
2018,Australia,black_coal,583982546.0
2019,Australia,black_coal,589981990.0
2020,Australia,black_coal,541925654.0
2021,Australia,black_coal,556792786.0
1799,NSW,black_coal,950.0
1800,NSW,black_coal,1000.0
1801,NSW,black_coal,1050.0
1802,NSW,black_coal,1100.0
1803,NSW,black_coal,1150.0
1804,NSW,black_coal,1200.0
1805,NSW,black_coal,1250.0
1806,NSW,black_coal,1300.0
1807,NSW,black_coal,1350.0
1808,NSW,black_coal,1400.0
1809,NSW,black_coal,1450.0
1810,NSW,black_coal,1500.0
1811,NSW,black_coal,1550.0
1812,NSW,black_coal,1600.0
1813,NSW,black_coal,1650.0
1814,NSW,black_coal,1700.0
1815,NSW,black_coal,1750.0
1816,NSW,black_coal,1800.0
1817,NSW,black_coal,1850.0
1818,NSW,black_coal,1900.0
1819,NSW,black_coal,1950.0
1820,NSW,black_coal,2000.0
1821,NSW,black_coal,2050.0
1822,NSW,black_coal,2100.0
1823,NSW,black_coal,2150.0
1824,NSW,black_coal,2200.0
1825,NSW,black_coal,2250.0
1826,NSW,black_coal,2300.0
1827,NSW,black_coal,2350.0
1828,NSW,black_coal,2400.0
1829,NSW,black_coal,792.0
1830,NSW,black_coal,4064.0
1831,NSW,black_coal,5080.0
1832,NSW,black_coal,7257.0
1833,NSW,black_coal,6921.0
1834,NSW,black_coal,8626.0
1835,NSW,black_coal,12590.0
1836,NSW,black_coal,12848.0
1837,NSW,black_coal,16340.0
1838,NSW,black_coal,17496.0
1839,NSW,black_coal,21624.0
1840,NSW,black_coal,30740.0
1841,NSW,black_coal,35398.0
1842,NSW,black_coal,40538.0
1843,NSW,black_coal,26276.0
1844,NSW,black_coal,23488.0
1845,NSW,black_coal,22681.0
1846,NSW,black_coal,39588.0
1847,NSW,black_coal,41384.0
1848,NSW,black_coal,46174.0
1849,NSW,black_coal,49292.0
1850,NSW,black_coal,72355.0
1851,NSW,black_coal,68692.0
1852,NSW,black_coal,68482.0
1853,NSW,black_coal,98358.0
1854,NSW,black_coal,118508.0
1855,NSW,black_coal,139269.0
1856,NSW,black_coal,192999.0
1857,NSW,black_coal,213801.0
1858,NSW,black_coal,219859.0
1859,NSW,black_coal,313144.0
1860,NSW,black_coal,374764.0
1861,NSW,black_coal,347540.0
1862,NSW,black_coal,484146.0
1863,NSW,black_coal,440831.0
1864,NSW,black_coal,557796.0
1865,NSW,black_coal,594893.0
1866,NSW,black_coal,786626.0
1867,NSW,black_coal,782332.0
1868,NSW,black_coal,969499.0
1869,NSW,black_coal,934490.0
1870,NSW,black_coal,882461.0
1871,NSW,black_coal,913165.0
1872,NSW,black_coal,1028625.0
1873,NSW,black_coal,1211948.0
1874,NSW,black_coal,1325486.0
1875,NSW,black_coal,1351005.0
1876,NSW,black_coal,1341037.0
1877,NSW,black_coal,1467379.0
1878,NSW,black_coal,1600705.0
1879,NSW,black_coal,1608715.0
1880,NSW,black_coal,1489639.0
1881,NSW,black_coal,1797911.0
1882,NSW,black_coal,2143031.0
1883,NSW,black_coal,2561800.0
1884,NSW,black_coal,2793095.0
1885,NSW,black_coal,2924925.0
1886,NSW,black_coal,2875458.0
1887,NSW,black_coal,2969257.0
1888,NSW,black_coal,3254699.0
1889,NSW,black_coal,3714122.0
1890,NSW,black_coal,3109850.0
1891,NSW,black_coal,4102536.0
1892,NSW,black_coal,3841463.0
1893,NSW,black_coal,3330781.0
1894,NSW,black_coal,3730829.0
1895,NSW,black_coal,3798406.0
1896,NSW,black_coal,3972069.0
1897,NSW,black_coal,4453728.0
1898,NSW,black_coal,4781551.0
1899,NSW,black_coal,4670580.0
1900,NSW,black_coal,5595617.0
1901,NSW,black_coal,6063921.0
1902,NSW,black_coal,6037083.0
1903,NSW,black_coal,6456524.0
1904,NSW,black_coal,6116126.0
1905,NSW,black_coal,6738252.0
1906,NSW,black_coal,7748384.0
1907,NSW,black_coal,8796451.0
1908,NSW,black_coal,9293377.0
1909,NSW,black_coal,7132197.0
1910,NSW,black_coal,8304284.0
1911,NSW,black_coal,8830670.0
1912,NSW,black_coal,10043988.0
1913,NSW,black_coal,10580792.0
1914,NSW,black_coal,10556872.0
1915,NSW,black_coal,9600192.0
1916,NSW,black_coal,8257196.0
1917,NSW,black_coal,8425553.0
1918,NSW,black_coal,9208187.0
1919,NSW,black_coal,8769659.0
1920,NSW,black_coal,10887455.0
1921,NSW,black_coal,10966081.0
1922,NSW,black_coal,10346063.0
1923,NSW,black_coal,10646169.0
1924,NSW,black_coal,11804107.0
1925,NSW,black_coal,11578538.0
1926,NSW,black_coal,11059938.0
1927,NSW,black_coal,11304132.0
1928,NSW,black_coal,9599368.0
1929,NSW,black_coal,7739620.0
1930,NSW,black_coal,7206544.0
1931,NSW,black_coal,6535300.0
1932,NSW,black_coal,6892770.0
1933,NSW,black_coal,7232332.0
1934,NSW,black_coal,7999151.0
1935,NSW,black_coal,8837756.0
1936,NSW,black_coal,9346657.0
1937,NSW,black_coal,10212343.0
1938,NSW,black_coal,9724065.0
1939,NSW,black_coal,11374965.0
1940,NSW,black_coal,9702900.0
1941,NSW,black_coal,11953949.0
1942,NSW,black_coal,12401230.0
1943,NSW,black_coal,11657075.0
1944,NSW,black_coal,11279772.0
1945,NSW,black_coal,10340174.0
1946,NSW,black_coal,11366381.0
1947,NSW,black_coal,11870053.0
1948,NSW,black_coal,11908989.0
1949,NSW,black_coal,10907876.0
1950,NSW,black_coal,13002983.0
1951,NSW,black_coal,13729456.0
1952,NSW,black_coal,15262454.0
1953,NSW,black_coal,14400612.0
1954,NSW,black_coal,15324592.0
1955,NSW,black_coal,14972179.0
1956,NSW,black_coal,15047128.0
1957,NSW,black_coal,15636480.0
1958,NSW,black_coal,16104563.0
1959,NSW,black_coal,15963839.0
1960,NSW,black_coal,18020786.0
1961,NSW,black_coal,19325138.0
1962,NSW,black_coal,19612273.0
1963,NSW,black_coal,19243249.0
1964,NSW,black_coal,21030241.0
1965,NSW,black_coal,24516080.0
1966,NSW,black_coal,25877238.0
1967,NSW,black_coal,27241996.0
1968,NSW,black_coal,30834331.0
1969,NSW,black_coal,33975000.0
1970,NSW,black_coal,35900000.0
1971,NSW,black_coal,34567000.0
1972,NSW,black_coal,39176000.0
1973,NSW,black_coal,37882000.0
1974,NSW,black_coal,38694000.0
1975,NSW,black_coal,40210000.0
1976,NSW,black_coal,44744000.0
1977,NSW,black_coal,47909000.0
1978,NSW,black_coal,50679000.0
1979,NSW,black_coal,50888000.0
1980,NSW,black_coal,50720000.0
1981,NSW,black_coal,60769000.0
1982,NSW,black_coal,64876000.0
1983,NSW,black_coal,66129000.0
1984,NSW,black_coal,68323000.0
1985,NSW,black_coal,75039000.0
1986,NSW,black_coal,80310000.0
1987,NSW,black_coal,83605000.0
1988,NSW,black_coal,79787000.0
1989,NSW,black_coal,90774106.0
1990,NSW,black_coal,94022000.0
1991,NSW,black_coal,97793100.0
1992,NSW,black_coal,102475800.0
1993,NSW,black_coal,104496587.0
1994,NSW,black_coal,103900186.0
1995,NSW,black_coal,110508619.0
1996,NSW,black_coal,117382355.0
1997,NSW,black_coal,128337900.0
1998,NSW,black_coal,135817720.0
1999,NSW,black_coal,130947606.0
2000,NSW,black_coal,134996279.0
2001,NSW,black_coal,143292568.0
2002,NSW,black_coal,143579894.0
2003,NSW,black_coal,144551600.0
2004,NSW,black_coal,151081922.0
2005,NSW,black_coal,158911520.0
2006,NSW,black_coal,166426153.0
2007,NSW,black_coal,171485888.0
2008,NSW,black_coal,183400177.0
2009,NSW,black_coal,185735000.0
2010,NSW,black_coal,194383451.0
2011,NSW,black_coal,212905917.0
2012,NSW,black_coal,234904884.0
2013,NSW,black_coal,251516282.0
2014,NSW,black_coal,260454286.0
2015,NSW,black_coal,246414782.0
2016,NSW,black_coal,250296403.0
2017,NSW,black_coal,245687883.0
2018,NSW,black_coal,256211430.0
2019,NSW,black_coal,258150072.0
2020,NSW,black_coal,251821158.0
2021,NSW,black_coal,242291797.0
1860,QLD,black_coal,12524.0
1861,QLD,black_coal,14439.0
1862,QLD,black_coal,24452.0
1863,QLD,black_coal,24384.0
1864,QLD,black_coal,25400.0
1865,QLD,black_coal,33528.0
1866,QLD,black_coal,39945.0
1867,QLD,black_coal,18276.0
1868,QLD,black_coal,19925.0
1869,QLD,black_coal,11298.0
1870,QLD,black_coal,23001.0
1871,QLD,black_coal,17272.0
1872,QLD,black_coal,28171.0
1873,QLD,black_coal,34151.0
1874,QLD,black_coal,44138.0
1875,QLD,black_coal,32621.0
1876,QLD,black_coal,51437.0
1877,QLD,black_coal,61893.0
1878,QLD,black_coal,53421.0
1879,QLD,black_coal,55892.0
1880,QLD,black_coal,58981.0
1881,QLD,black_coal,66662.0
1882,QLD,black_coal,75627.0
1883,QLD,black_coal,106426.0
1884,QLD,black_coal,122659.0
1885,QLD,black_coal,213053.0
1886,QLD,black_coal,232314.0
1887,QLD,black_coal,242634.0
1888,QLD,black_coal,316395.0
1889,QLD,black_coal,269755.0
1890,QLD,black_coal,343758.0
1891,QLD,black_coal,275949.0
1892,QLD,black_coal,269327.0
1893,QLD,black_coal,268633.0
1894,QLD,black_coal,275036.0
1895,QLD,black_coal,328237.0
1896,QLD,black_coal,377332.0
1897,QLD,black_coal,364142.0
1898,QLD,black_coal,414461.0
1899,QLD,black_coal,501913.0
1900,QLD,black_coal,505086.0
1901,QLD,black_coal,548104.0
1902,QLD,black_coal,509555.0
1903,QLD,black_coal,515926.0
1904,QLD,black_coal,520207.0
1905,QLD,black_coal,537795.0
1906,QLD,black_coal,616480.0
1907,QLD,black_coal,694204.0
1908,QLD,black_coal,707473.0
1909,QLD,black_coal,768682.0
1910,QLD,black_coal,885105.0
1911,QLD,black_coal,905833.0
1912,QLD,black_coal,916601.0
1913,QLD,black_coal,1054551.0
1914,QLD,black_coal,1070854.0
1915,QLD,black_coal,1040661.0
1916,QLD,black_coal,922251.0
1917,QLD,black_coal,1065249.0
1918,QLD,black_coal,998924.0
1919,QLD,black_coal,946537.0
1920,QLD,black_coal,1127672.0
1921,QLD,black_coal,970039.0
1922,QLD,black_coal,973855.0
1923,QLD,black_coal,1077633.0
1924,QLD,black_coal,1141087.0
1925,QLD,black_coal,1196008.0
1926,QLD,black_coal,1240596.0
1927,QLD,black_coal,1116625.0
1928,QLD,black_coal,1093561.0
1929,QLD,black_coal,1390645.0
1930,QLD,black_coal,1112191.0
1931,QLD,black_coal,854769.0
1932,QLD,black_coal,855178.0
1933,QLD,black_coal,889576.0
1934,QLD,black_coal,971863.0
1935,QLD,black_coal,1068810.0
1936,QLD,black_coal,1063629.0
1937,QLD,black_coal,1138102.0
1938,QLD,black_coal,1131241.0
1939,QLD,black_coal,1338568.0
1940,QLD,black_coal,1305893.0
1941,QLD,black_coal,1477288.0
1942,QLD,black_coal,1663342.0
1943,QLD,black_coal,1726713.0
1944,QLD,black_coal,1686230.0
1945,QLD,black_coal,1660902.0
1946,QLD,black_coal,1592600.0
1947,QLD,black_coal,1913549.0
1948,QLD,black_coal,1770274.0
1949,QLD,black_coal,2001914.0
1950,QLD,black_coal,2357932.0
1951,QLD,black_coal,2513355.0
1952,QLD,black_coal,2786112.0
1953,QLD,black_coal,2557081.0
1954,QLD,black_coal,2804983.0
1955,QLD,black_coal,2791120.0
1956,QLD,black_coal,2778414.0
1957,QLD,black_coal,2744802.0
1958,QLD,black_coal,2621659.0
1959,QLD,black_coal,2635897.0
1960,QLD,black_coal,2692514.0
1961,QLD,black_coal,2826681.0
1962,QLD,black_coal,2843622.0
1963,QLD,black_coal,3296066.0
1964,QLD,black_coal,3231288.0
1965,QLD,black_coal,4220904.0
1966,QLD,black_coal,4771629.0
1967,QLD,black_coal,4850623.0
1968,QLD,black_coal,6766765.0
1969,QLD,black_coal,8672000.0
1970,QLD,black_coal,10464000.0
1971,QLD,black_coal,11455000.0
1972,QLD,black_coal,17684000.0
1973,QLD,black_coal,19977000.0
1974,QLD,black_coal,28501000.0
1975,QLD,black_coal,30476000.0
1976,QLD,black_coal,35115000.0
1977,QLD,black_coal,35005000.0
1978,QLD,black_coal,34461000.0
1979,QLD,black_coal,37508000.0
1980,QLD,black_coal,37579000.0
1981,QLD,black_coal,34682000.0
1982,QLD,black_coal,36784000.0
1983,QLD,black_coal,37128000.0
1984,QLD,black_coal,50777000.0
1985,QLD,black_coal,60976000.0
1986,QLD,black_coal,66134000.0
1987,QLD,black_coal,68492000.0
1988,QLD,black_coal,87638764.0
1989,QLD,black_coal,94874781.0
1990,QLD,black_coal,97950214.0
1991,QLD,black_coal,101158724.0
1992,QLD,black_coal,112939364.0
1993,QLD,black_coal,111135983.0
1994,QLD,black_coal,115003309.0
1995,QLD,black_coal,119983948.0
1996,QLD,black_coal,123923528.0
1997,QLD,black_coal,132734575.0
1998,QLD,black_coal,139494400.0
1999,QLD,black_coal,152703464.0
2000,QLD,black_coal,159178418.0
2001,QLD,black_coal,181006156.0
2002,QLD,black_coal,192534125.0
2003,QLD,black_coal,202998681.0
2004,QLD,black_coal,212845233.0
2005,QLD,black_coal,229340953.0
2006,QLD,black_coal,227038796.0
2007,QLD,black_coal,240516509.0
2008,QLD,black_coal,240818855.0
2009,QLD,black_coal,256061969.0
2010,QLD,black_coal,264318438.0
2011,QLD,black_coal,242534935.0
2012,QLD,black_coal,256431460.0
2013,QLD,black_coal,280102881.0
2014,QLD,black_coal,298884083.0
2015,QLD,black_coal,313628309.0
2016,QLD,black_coal,308090814.0
2017,QLD,black_coal,304713215.0
2018,QLD,black_coal,319386437.0
2019,QLD,black_coal,323724292.0
2020,QLD,black_coal,282840552.0
2021,QLD,black_coal,307886894.0
1907,SA,black_coal,12654.0
1917,SA,black_coal,724.0
1942,SA,black_coal,1676.0
1944,SA,black_coal,35174.0
1945,SA,black_coal,42115.0
1946,SA,black_coal,137627.0
1947,SA,black_coal,196445.0
1948,SA,black_coal,243295.0
1949,SA,black_coal,350152.0
1950,SA,black_coal,265518.0
1951,SA,black_coal,394516.0
1952,SA,black_coal,424211.0
1953,SA,black_coal,455660.0
1954,SA,black_coal,503028.0
1955,SA,black_coal,462572.0
1956,SA,black_coal,489166.0
1957,SA,black_coal,618656.0
1958,SA,black_coal,767102.0
1959,SA,black_coal,701420.0
1960,SA,black_coal,898976.0
1961,SA,black_coal,1132998.0
1962,SA,black_coal,1414358.0
1963,SA,black_coal,1535907.0
1964,SA,black_coal,1763891.0
1965,SA,black_coal,2047916.0
1966,SA,black_coal,2053019.0
1967,SA,black_coal,2077254.0
1968,SA,black_coal,2111517.0
1969,SA,black_coal,2245839.0
1970,SA,black_coal,1856000.0
1971,SA,black_coal,1492000.0
1972,SA,black_coal,1602000.0
1973,SA,black_coal,1510000.0
1974,SA,black_coal,1671000.0
1975,SA,black_coal,1759000.0
1976,SA,black_coal,1872000.0
1977,SA,black_coal,1960000.0
1978,SA,black_coal,1585000.0
1979,SA,black_coal,1674000.0
1980,SA,black_coal,1719000.0
1981,SA,black_coal,1577000.0
1982,SA,black_coal,1464000.0
1983,SA,black_coal,1380000.0
1984,SA,black_coal,1325000.0
1985,SA,black_coal,2041000.0
1986,SA,black_coal,2368000.0
1987,SA,black_coal,2521000.0
1988,SA,black_coal,2534000.0
1989,SA,black_coal,2930781.0
1990,SA,black_coal,2694000.0
1991,SA,black_coal,2568000.0
1992,SA,black_coal,2760500.0
1993,SA,black_coal,2738500.0
1994,SA,black_coal,2865500.0
1995,SA,black_coal,2743000.0
1996,SA,black_coal,2520500.0
1997,SA,black_coal,2645500.0
1998,SA,black_coal,2747900.0
1999,SA,black_coal,2836400.0
2000,SA,black_coal,3139000.0
2001,SA,black_coal,2989000.0
2002,SA,black_coal,3556000.0
2003,SA,black_coal,4030000.0
2004,SA,black_coal,4010000.0
2005,SA,black_coal,4499999.0
2006,SA,black_coal,4485114.0
2007,SA,black_coal,5021266.0
2008,SA,black_coal,4513168.0
2009,SA,black_coal,4731315.0
2010,SA,black_coal,4667733.0
2011,SA,black_coal,4279036.0
2012,SA,black_coal,3234193.0
2013,SA,black_coal,2259758.0
2014,SA,black_coal,3082478.0
2015,SA,black_coal,2910343.0
2020,SA,black_coal,5000.0
2021,SA,black_coal,8000.0
1853,TAS,black_coal,7783.0
1854,TAS,black_coal,8000.0
1855,TAS,black_coal,8000.0
1856,TAS,black_coal,8000.0
1857,TAS,black_coal,8000.0
1858,TAS,black_coal,8000.0
1859,TAS,black_coal,8000.0
1860,TAS,black_coal,8000.0
1866,TAS,black_coal,14538.0
1867,TAS,black_coal,8474.0
1868,TAS,black_coal,9199.0
1869,TAS,black_coal,10420.0
1870,TAS,black_coal,9943.0
1871,TAS,black_coal,9679.0
1872,TAS,black_coal,8271.0
1873,TAS,black_coal,10309.0
1874,TAS,black_coal,9424.0
1875,TAS,black_coal,7843.0
1876,TAS,black_coal,6198.0
1877,TAS,black_coal,9622.0
1878,TAS,black_coal,12508.0
1879,TAS,black_coal,9666.0
1880,TAS,black_coal,12415.0
1881,TAS,black_coal,11342.0
1882,TAS,black_coal,8944.0
1883,TAS,black_coal,9014.0
1884,TAS,black_coal,7309.0
1885,TAS,black_coal,6760.0
1886,TAS,black_coal,10557.0
1887,TAS,black_coal,28075.0
1888,TAS,black_coal,42242.0
1889,TAS,black_coal,37287.0
1890,TAS,black_coal,51327.0
1891,TAS,black_coal,43948.0
1892,TAS,black_coal,36584.0
1893,TAS,black_coal,35248.0
1894,TAS,black_coal,30987.0
1895,TAS,black_coal,33221.0
1896,TAS,black_coal,42574.0
1897,TAS,black_coal,42871.0
1898,TAS,black_coal,48441.0
1899,TAS,black_coal,43291.0
1900,TAS,black_coal,51443.0
1901,TAS,black_coal,46165.0
1902,TAS,black_coal,49645.0
1903,TAS,black_coal,49854.0
1904,TAS,black_coal,62087.0
1905,TAS,black_coal,52825.0
1906,TAS,black_coal,53742.0
1907,TAS,black_coal,59833.0
1908,TAS,black_coal,62045.0
1909,TAS,black_coal,67221.0
1910,TAS,black_coal,83764.0
1911,TAS,black_coal,57980.0
1912,TAS,black_coal,54417.0
1913,TAS,black_coal,55924.0
1914,TAS,black_coal,61767.0
1915,TAS,black_coal,65569.0
1916,TAS,black_coal,56464.0
1917,TAS,black_coal,64427.0
1918,TAS,black_coal,61126.0
1919,TAS,black_coal,67313.0
1920,TAS,black_coal,76636.0
1921,TAS,black_coal,67540.0
1922,TAS,black_coal,70346.0
1923,TAS,black_coal,82009.0
1924,TAS,black_coal,77204.0
1925,TAS,black_coal,83005.0
1926,TAS,black_coal,103996.0
1927,TAS,black_coal,113849.0
1928,TAS,black_coal,130556.0
1929,TAS,black_coal,132376.0
1930,TAS,black_coal,140935.0
1931,TAS,black_coal,125809.0
1932,TAS,black_coal,113643.0
1933,TAS,black_coal,118438.0
1934,TAS,black_coal,115451.0
1935,TAS,black_coal,125693.0
1936,TAS,black_coal,134380.0
1937,TAS,black_coal,92579.0
1938,TAS,black_coal,85093.0
1939,TAS,black_coal,100982.0
1940,TAS,black_coal,84466.0
1941,TAS,black_coal,111469.0
1942,TAS,black_coal,136593.0
1943,TAS,black_coal,148216.0
1944,TAS,black_coal,145939.0
1945,TAS,black_coal,151462.0
1946,TAS,black_coal,161291.0
1947,TAS,black_coal,169814.0
1948,TAS,black_coal,182263.0
1949,TAS,black_coal,184524.0
1950,TAS,black_coal,225909.0
1951,TAS,black_coal,240678.0
1952,TAS,black_coal,251865.0
1953,TAS,black_coal,237367.0
1954,TAS,black_coal,268429.0
1955,TAS,black_coal,304009.0
1956,TAS,black_coal,303492.0
1957,TAS,black_coal,272430.0
1958,TAS,black_coal,280688.0
1959,TAS,black_coal,304158.0
1960,TAS,black_coal,302433.0
1961,TAS,black_coal,259921.0
1962,TAS,black_coal,276699.0
1963,TAS,black_coal,210599.0
1964,TAS,black_coal,153580.0
1965,TAS,black_coal,104096.0
1966,TAS,black_coal,83987.0
1967,TAS,black_coal,77766.0
1968,TAS,black_coal,92385.0
1969,TAS,black_coal,117788.0
1970,TAS,black_coal,114000.0
1971,TAS,black_coal,124000.0
1972,TAS,black_coal,132000.0
1973,TAS,black_coal,115000.0
1974,TAS,black_coal,127000.0
1975,TAS,black_coal,162000.0
1976,TAS,black_coal,189000.0
1977,TAS,black_coal,199000.0
1978,TAS,black_coal,224000.0
1979,TAS,black_coal,237000.0
1980,TAS,black_coal,234000.0
1981,TAS,black_coal,346000.0
1982,TAS,black_coal,515000.0
1983,TAS,black_coal,473000.0
1984,TAS,black_coal,458000.0
1985,TAS,black_coal,526000.0
1986,TAS,black_coal,555000.0
1987,TAS,black_coal,621000.0
1988,TAS,black_coal,648000.0
1989,TAS,black_coal,589943.0
1990,TAS,black_coal,612000.0
1991,TAS,black_coal,553000.0
1992,TAS,black_coal,509000.0
1993,TAS,black_coal,523500.0
1994,TAS,black_coal,592500.0
1995,TAS,black_coal,598000.0
1996,TAS,black_coal,569000.0
1997,TAS,black_coal,567000.0
1998,TAS,black_coal,576000.0
1999,TAS,black_coal,561500.0
2000,TAS,black_coal,508500.0
2001,TAS,black_coal,504000.0
2002,TAS,black_coal,519736.0
2003,TAS,black_coal,482749.0
2004,TAS,black_coal,510335.0
2005,TAS,black_coal,565580.0
2006,TAS,black_coal,570442.0
2007,TAS,black_coal,585340.0
2008,TAS,black_coal,569930.0
2009,TAS,black_coal,525414.0
2010,TAS,black_coal,523140.0
2011,TAS,black_coal,475653.0
2012,TAS,black_coal,461419.0
2013,TAS,black_coal,500533.0
2014,TAS,black_coal,500533.0
2015,TAS,black_coal,500533.0
2016,TAS,black_coal,500533.0
2017,TAS,black_coal,500533.0
2018,TAS,black_coal,500533.0
2019,TAS,black_coal,500533.0
2020,TAS,black_coal,500533.0
2021,TAS,black_coal,500533.0
1865,VIC,black_coal,2345.0
1868,VIC,black_coal,102.0
1872,VIC,black_coal,10.2
1873,VIC,black_coal,512.0
1874,VIC,black_coal,2956.0
1876,VIC,black_coal,1113.0
1877,VIC,black_coal,2459.0
1881,VIC,black_coal,3.05
1882,VIC,black_coal,10.2
1883,VIC,black_coal,435.0
1884,VIC,black_coal,3332.0
1885,VIC,black_coal,813.0
1886,VIC,black_coal,1105.0
1887,VIC,black_coal,3411.0
1888,VIC,black_coal,8710.0
1889,VIC,black_coal,14830.0
1890,VIC,black_coal,14835.0
1891,VIC,black_coal,23199.0
1892,VIC,black_coal,23737.0
1893,VIC,black_coal,93194.0
1894,VIC,black_coal,174407.0
1895,VIC,black_coal,197335.0
1896,VIC,black_coal,230187.0
1897,VIC,black_coal,240057.0
1898,VIC,black_coal,246746.0
1899,VIC,black_coal,266578.0
1900,VIC,black_coal,214982.0
1901,VIC,black_coal,212678.0
1902,VIC,black_coal,228767.0
1903,VIC,black_coal,65227.0
1904,VIC,black_coal,123689.0
1905,VIC,black_coal,157617.0
1906,VIC,black_coal,163201.0
1907,VIC,black_coal,140801.0
1908,VIC,black_coal,115277.0
1909,VIC,black_coal,130224.0
1910,VIC,black_coal,374964.0
1911,VIC,black_coal,664326.0
1912,VIC,black_coal,598569.0
1913,VIC,black_coal,603415.0
1914,VIC,black_coal,627417.0
1915,VIC,black_coal,597514.0
1916,VIC,black_coal,423858.0
1917,VIC,black_coal,473680.0
1918,VIC,black_coal,446608.0
1919,VIC,black_coal,430728.0
1920,VIC,black_coal,449317.0
1921,VIC,black_coal,523097.0
1922,VIC,black_coal,568233.0
1923,VIC,black_coal,484452.0
1924,VIC,black_coal,526608.0
1925,VIC,black_coal,542794.0
1926,VIC,black_coal,600457.0
1927,VIC,black_coal,695193.0
1928,VIC,black_coal,668856.0
1929,VIC,black_coal,715089.0
1930,VIC,black_coal,714743.0
1931,VIC,black_coal,580483.0
1932,VIC,black_coal,439271.0
1933,VIC,black_coal,531368.0
1934,VIC,black_coal,362669.0
1935,VIC,black_coal,484119.0
1936,VIC,black_coal,433553.0
1937,VIC,black_coal,262072.0
1938,VIC,black_coal,312174.0
1939,VIC,black_coal,370733.0
1940,VIC,black_coal,271977.0
1941,VIC,black_coal,331664.0
1942,VIC,black_coal,317860.0
1943,VIC,black_coal,291694.0
1944,VIC,black_coal,261815.0
1945,VIC,black_coal,251254.0
1946,VIC,black_coal,194351.0
1947,VIC,black_coal,176462.0
1948,VIC,black_coal,170221.0
1949,VIC,black_coal,124467.0
1950,VIC,black_coal,128454.0
1951,VIC,black_coal,150107.0
1952,VIC,black_coal,146121.0
1953,VIC,black_coal,154338.0
1954,VIC,black_coal,143579.0
1955,VIC,black_coal,135014.0
1956,VIC,black_coal,120728.0
1957,VIC,black_coal,113354.0
1958,VIC,black_coal,110093.0
1959,VIC,black_coal,91885.0
1960,VIC,black_coal,78204.0
1961,VIC,black_coal,67425.0
1962,VIC,black_coal,57629.0
1963,VIC,black_coal,51289.0
1964,VIC,black_coal,47811.0
1965,VIC,black_coal,42923.0
1966,VIC,black_coal,36087.0
1967,VIC,black_coal,32579.0
1968,VIC,black_coal,26735.0
1969,VIC,black_coal,456.0
1970,VIC,black_coal,128.0
1898,WA,black_coal,3564.0
1899,WA,black_coal,55205.0
1900,WA,black_coal,120305.0
1901,WA,black_coal,119721.0
1902,WA,black_coal,143138.0
1903,WA,black_coal,135562.0
1904,WA,black_coal,140767.0
1905,WA,black_coal,129402.0
1906,WA,black_coal,152151.0
1907,WA,black_coal,144651.0
1908,WA,black_coal,178052.0
1909,WA,black_coal,217731.0
1910,WA,black_coal,266361.0
1911,WA,black_coal,253897.0
1912,WA,black_coal,299800.0
1913,WA,black_coal,318839.0
1914,WA,black_coal,324317.0
1915,WA,black_coal,291253.0
1916,WA,black_coal,306350.0
1917,WA,black_coal,331775.0
1918,WA,black_coal,342432.0
1919,WA,black_coal,408140.0
1920,WA,black_coal,469413.0
1921,WA,black_coal,476318.0
1922,WA,black_coal,445458.0
1923,WA,black_coal,427445.0
1924,WA,black_coal,428614.0
1925,WA,black_coal,444460.0
1926,WA,black_coal,482416.0
1927,WA,black_coal,509529.0
1928,WA,black_coal,536875.0
1929,WA,black_coal,553435.0
1930,WA,black_coal,509448.0
1931,WA,black_coal,439318.0
1932,WA,black_coal,422371.0
1933,WA,black_coal,465733.0
1934,WA,black_coal,508348.0
1935,WA,black_coal,545783.0
1936,WA,black_coal,574116.0
1937,WA,black_coal,562366.0
1938,WA,black_coal,614469.0
1939,WA,black_coal,566456.0
1940,WA,black_coal,548058.0
1941,WA,black_coal,565479.0
1942,WA,black_coal,590475.0
1943,WA,black_coal,540051.0
1944,WA,black_coal,567255.0
1945,WA,black_coal,552057.0
1946,WA,black_coal,652564.0
1947,WA,black_coal,742194.0
1948,WA,black_coal,744665.0
1949,WA,black_coal,762604.0
1950,WA,black_coal,827382.0
1951,WA,black_coal,862051.0
1952,WA,black_coal,843748.0
1953,WA,black_coal,900361.0
1954,WA,black_coal,1034636.0
1955,WA,black_coal,918253.0
1956,WA,black_coal,843287.0
1957,WA,black_coal,852080.0
1958,WA,black_coal,884816.0
1959,WA,black_coal,926018.0
1960,WA,black_coal,937151.0
1961,WA,black_coal,777992.0
1962,WA,black_coal,933818.0
1963,WA,black_coal,916935.0
1964,WA,black_coal,1003219.0
1965,WA,black_coal,1009641.0
1966,WA,black_coal,1078073.0
1967,WA,black_coal,1079145.0
1968,WA,black_coal,1104777.0
1969,WA,black_coal,1107978.0
1970,WA,black_coal,1217000.0
1971,WA,black_coal,1190000.0
1972,WA,black_coal,1168000.0
1973,WA,black_coal,1171000.0
1974,WA,black_coal,1146000.0
1975,WA,black_coal,2114000.0
1976,WA,black_coal,2269000.0
1977,WA,black_coal,2358000.0
1978,WA,black_coal,2404000.0
1979,WA,black_coal,2735000.0
1980,WA,black_coal,3154000.0
1981,WA,black_coal,3247000.0
1982,WA,black_coal,3719000.0
1983,WA,black_coal,3935000.0
1984,WA,black_coal,3686000.0
1985,WA,black_coal,3769000.0
1986,WA,black_coal,3831000.0
1987,WA,black_coal,3721000.0
1988,WA,black_coal,3789743.0
1989,WA,black_coal,3830472.0
1990,WA,black_coal,4940000.0
1991,WA,black_coal,5128500.0
1992,WA,black_coal,5436000.0
1993,WA,black_coal,5274000.0
1994,WA,black_coal,5488500.0
1995,WA,black_coal,5897500.0
1996,WA,black_coal,5782000.0
1997,WA,black_coal,5695500.0
1998,WA,black_coal,5769500.0
1999,WA,black_coal,6184500.0
2000,WA,black_coal,6410500.0
2001,WA,black_coal,6219000.0
2002,WA,black_coal,6978108.0
2003,WA,black_coal,7501949.0
2004,WA,black_coal,7475610.0
2005,WA,black_coal,7920732.0
2006,WA,black_coal,7760748.0
2007,WA,black_coal,7468934.0
2008,WA,black_coal,8055265.0
2009,WA,black_coal,8348297.0
2010,WA,black_coal,8503935.0
2011,WA,black_coal,8671274.0
2012,WA,black_coal,8829703.0
2013,WA,black_coal,8453830.0
2014,WA,black_coal,7879917.0
2015,WA,black_coal,8470462.0
2016,WA,black_coal,8217704.0
2017,WA,black_coal,8310567.0
2018,WA,black_coal,7884146.0
2019,WA,black_coal,7607093.0
2020,WA,black_coal,6758411.0
2021,WA,black_coal,6105561.0
1850,Australia,iron_ore,119.0
1860,Australia,iron_ore,5.08
1862,Australia,iron_ore,9.14
1865,Australia,iron_ore,20.3
1874,Australia,iron_ore,6.1
1879,Australia,iron_ore,298.0
1880,Australia,iron_ore,2.03
1885,Australia,iron_ore,457.0
1889,Australia,iron_ore,4964.0
1890,Australia,iron_ore,4493.0
1891,Australia,iron_ore,7140.0
1892,Australia,iron_ore,4711.0
1893,Australia,iron_ore,4379.0
1894,Australia,iron_ore,2029.0
1895,Australia,iron_ore,1792.0
1896,Australia,iron_ore,492.0
1897,Australia,iron_ore,644.0
1898,Australia,iron_ore,500.0
1899,Australia,iron_ore,24150.0
1900,Australia,iron_ore,26122.0
1901,Australia,iron_ore,26290.0
1902,Australia,iron_ore,21264.0
1903,Australia,iron_ore,126242.0
1904,Australia,iron_ore,69571.0
1905,Australia,iron_ore,107372.0
1906,Australia,iron_ore,113818.0
1907,Australia,iron_ore,174045.0
1908,Australia,iron_ore,207583.0
1909,Australia,iron_ore,122667.0
1910,Australia,iron_ore,161719.0
1911,Australia,iron_ore,125930.0
1912,Australia,iron_ore,119630.0
1913,Australia,iron_ore,179097.0
1914,Australia,iron_ore,232839.0
1915,Australia,iron_ore,426760.0
1916,Australia,iron_ore,331831.0
1917,Australia,iron_ore,458512.0
1918,Australia,iron_ore,425150.0
1919,Australia,iron_ore,447025.0
1920,Australia,iron_ore,572737.0
1921,Australia,iron_ore,701061.0
1922,Australia,iron_ore,167392.0
1923,Australia,iron_ore,572088.0
1924,Australia,iron_ore,737378.0
1925,Australia,iron_ore,758562.0
1926,Australia,iron_ore,760643.0
1927,Australia,iron_ore,922579.0
1928,Australia,iron_ore,718495.0
1929,Australia,iron_ore,874042.0
1930,Australia,iron_ore,949563.0
1931,Australia,iron_ore,302158.0
1932,Australia,iron_ore,558013.0
1933,Australia,iron_ore,746868.0
1934,Australia,iron_ore,1271705.0
1935,Australia,iron_ore,1912018.0
1936,Australia,iron_ore,1923328.0
1937,Australia,iron_ore,1901567.0
1938,Australia,iron_ore,2286609.0
1939,Australia,iron_ore,2799850.0
1940,Australia,iron_ore,2354662.0
1941,Australia,iron_ore,2486850.0
1942,Australia,iron_ore,2543764.0
1943,Australia,iron_ore,2688200.0
1944,Australia,iron_ore,2369250.0
1945,Australia,iron_ore,1641405.0
1946,Australia,iron_ore,1862127.0
1947,Australia,iron_ore,2191006.0
1948,Australia,iron_ore,2086216.0
1949,Australia,iron_ore,1497121.0
1950,Australia,iron_ore,2418017.0
1951,Australia,iron_ore,2492015.0
1952,Australia,iron_ore,2972813.0
1953,Australia,iron_ore,3363130.0
1954,Australia,iron_ore,3587056.0
1955,Australia,iron_ore,3642890.0
1956,Australia,iron_ore,4002623.0
1957,Australia,iron_ore,3881703.0
1958,Australia,iron_ore,3997433.0
1959,Australia,iron_ore,4230790.0
1960,Australia,iron_ore,4454343.0
1961,Australia,iron_ore,5461389.0
1962,Australia,iron_ore,5046498.0
1963,Australia,iron_ore,5687254.0
1964,Australia,iron_ore,5843846.0
1965,Australia,iron_ore,6846086.0
1966,Australia,iron_ore,11113877.0
1967,Australia,iron_ore,17355153.0
1968,Australia,iron_ore,25570153.0
1969,Australia,iron_ore,38593697.0
1970,Australia,iron_ore,51244015.0
1971,Australia,iron_ore,62115814.0
1972,Australia,iron_ore,64472589.0
1973,Australia,iron_ore,84891879.0
1974,Australia,iron_ore,97007811.0
1975,Australia,iron_ore,97710518.0
1976,Australia,iron_ore,93305954.0
1977,Australia,iron_ore,95964041.0
1978,Australia,iron_ore,83181971.0
1979,Australia,iron_ore,91760268.0
1980,Australia,iron_ore,97874252.0
1981,Australia,iron_ore,80044885.0
1982,Australia,iron_ore,82054297.0
1983,Australia,iron_ore,78772859.0
1984,Australia,iron_ore,94456564.0
1985,Australia,iron_ore,92919399.0
1986,Australia,iron_ore,85497663.0
1987,Australia,iron_ore,88018498.0
1988,Australia,iron_ore,102952365.0
1989,Australia,iron_ore,111523918.0
1990,Australia,iron_ore,110507478.0
1991,Australia,iron_ore,117712650.0
1992,Australia,iron_ore,112162442.0
1993,Australia,iron_ore,120712998.0
1994,Australia,iron_ore,128803306.0
1995,Australia,iron_ore,142988309.0
1996,Australia,iron_ore,152166262.0
1997,Australia,iron_ore,156325418.0
1998,Australia,iron_ore,160765619.0
1999,Australia,iron_ore,151593353.0
2000,Australia,iron_ore,169817989.0
2001,Australia,iron_ore,180643037.0
2002,Australia,iron_ore,186592523.0
2003,Australia,iron_ore,212286419.0
2004,Australia,iron_ore,233200805.0
2005,Australia,iron_ore,261097167.0
2006,Australia,iron_ore,274168331.0
2007,Australia,iron_ore,298374490.0
2008,Australia,iron_ore,340404899.0
2009,Australia,iron_ore,390499821.0
2010,Australia,iron_ore,432675180.0
2011,Australia,iron_ore,477177019.0
2012,Australia,iron_ore,519356328.0
2013,Australia,iron_ore,609729698.0
2014,Australia,iron_ore,739682244.0
2015,Australia,iron_ore,809881763.0
2016,Australia,iron_ore,858025634.0
2017,Australia,iron_ore,884867455.0
2018,Australia,iron_ore,903850494.0
2019,Australia,iron_ore,917045579.0
2020,Australia,iron_ore,918063223.0
2021,Australia,iron_ore,922159323.0
1885,NSW,iron_ore,457.0
1889,NSW,iron_ore,497.0
1890,NSW,iron_ore,463.0
1891,NSW,iron_ore,232.0
1892,NSW,iron_ore,460.0
1893,NSW,iron_ore,1280.0
1894,NSW,iron_ore,440.0
1895,NSW,iron_ore,155.0
1896,NSW,iron_ore,381.0
1897,NSW,iron_ore,234.0
1898,NSW,iron_ore,398.0
1899,NSW,iron_ore,11092.0
1900,NSW,iron_ore,13675.0
1901,NSW,iron_ore,4333.0
1902,NSW,iron_ore,13963.0
1903,NSW,iron_ore,23687.0
1904,NSW,iron_ore,9221.0
1905,NSW,iron_ore,7460.0
1906,NSW,iron_ore,1543.0
1907,NSW,iron_ore,47502.0
1908,NSW,iron_ore,62098.0
1909,NSW,iron_ore,56875.0
1910,NSW,iron_ore,77037.0
1911,NSW,iron_ore,61984.0
1912,NSW,iron_ore,60980.0
1913,NSW,iron_ore,75977.0
1914,NSW,iron_ore,140675.0
1915,NSW,iron_ore,139170.0
1916,NSW,iron_ore,95621.0
1917,NSW,iron_ore,99405.0
1918,NSW,iron_ore,120542.0
1919,NSW,iron_ore,149127.0
1920,NSW,iron_ore,133067.0
1921,NSW,iron_ore,181830.0
1922,NSW,iron_ore,115146.0
1923,NSW,iron_ore,181300.0
1924,NSW,iron_ore,147785.0
1925,NSW,iron_ore,162173.0
1926,NSW,iron_ore,163075.0
1927,NSW,iron_ore,188081.0
1928,NSW,iron_ore,90286.0
1929,NSW,iron_ore,11409.0
1930,NSW,iron_ore,3861.0
1931,NSW,iron_ore,3724.0
1932,NSW,iron_ore,3114.0
1933,NSW,iron_ore,5454.0
1934,NSW,iron_ore,4280.0
1935,NSW,iron_ore,12262.0
1936,NSW,iron_ore,3495.0
1937,NSW,iron_ore,678.0
1938,NSW,iron_ore,110.0
1939,NSW,iron_ore,59.9
1940,NSW,iron_ore,221.0
1941,NSW,iron_ore,206048.0
1942,NSW,iron_ore,383770.0
1943,NSW,iron_ore,467263.0
1944,NSW,iron_ore,305167.0
1945,NSW,iron_ore,95755.0
1946,NSW,iron_ore,12888.0
1947,NSW,iron_ore,9386.0
1948,NSW,iron_ore,9580.0
1949,NSW,iron_ore,10478.0
1950,NSW,iron_ore,11927.0
1951,NSW,iron_ore,11891.0
1952,NSW,iron_ore,12512.0
1953,NSW,iron_ore,5665.0
1954,NSW,iron_ore,5305.0
1955,NSW,iron_ore,3462.0
1956,NSW,iron_ore,3583.0
1957,NSW,iron_ore,2797.0
1958,NSW,iron_ore,2984.0
1959,NSW,iron_ore,5328.0
1960,NSW,iron_ore,12927.0
1961,NSW,iron_ore,20063.0
1962,NSW,iron_ore,19821.0
1963,NSW,iron_ore,15057.0
1964,NSW,iron_ore,16910.0
1965,NSW,iron_ore,25346.0
1966,NSW,iron_ore,32151.0
1967,NSW,iron_ore,24170.0
1968,NSW,iron_ore,17423.0
1969,NSW,iron_ore,5628.0
1970,NSW,iron_ore,32982.0
1971,NSW,iron_ore,26817.0
1972,NSW,iron_ore,28154.0
1973,NSW,iron_ore,35691.0
1974,NSW,iron_ore,30993.0
1975,NSW,iron_ore,25328.0
1976,NSW,iron_ore,18405.0
1977,NSW,iron_ore,11659.0
1978,NSW,iron_ore,6319.0
1979,NSW,iron_ore,2738.0
1980,NSW,iron_ore,4397.0
1981,NSW,iron_ore,7378.0
1982,NSW,iron_ore,12523.0
1983,NSW,iron_ore,22422.0
1984,NSW,iron_ore,14384.0
1985,NSW,iron_ore,6863.0
1986,NSW,iron_ore,7279.0
1987,NSW,iron_ore,9996.0
1988,NSW,iron_ore,3901.0
1989,NSW,iron_ore,8487.0
1991,NSW,iron_ore,11676.0
1992,NSW,iron_ore,12694.0
1997,NSW,iron_ore,14053.0
1998,NSW,iron_ore,11791.0
1999,NSW,iron_ore,14073.0
2000,NSW,iron_ore,5470.0
2001,NSW,iron_ore,9329.0
2002,NSW,iron_ore,3934.0
1967,NT,iron_ore,318859.0
1968,NT,iron_ore,840416.0
1969,NT,iron_ore,922146.0
1970,NT,iron_ore,1208000.0
1971,NT,iron_ore,1106000.0
1972,NT,iron_ore,940000.0
1973,NT,iron_ore,839000.0
1974,NT,iron_ore,710000.0
2007,NT,iron_ore,338500.0
2008,NT,iron_ore,1148390.0
2009,NT,iron_ore,2751577.0
2010,NT,iron_ore,2158767.0
2011,NT,iron_ore,2037691.0
2012,NT,iron_ore,1950000.0
2013,NT,iron_ore,2950000.0
2014,NT,iron_ore,1500000.0
2021,NT,iron_ore,2500300.0
1901,QLD,iron_ore,437.0
1903,QLD,iron_ore,9965.0
1904,QLD,iron_ore,4502.0
1905,QLD,iron_ore,4411.0
1906,QLD,iron_ore,31903.0
1907,QLD,iron_ore,36430.0
1908,QLD,iron_ore,52420.0
1909,QLD,iron_ore,49414.0
1910,QLD,iron_ore,37732.0
1911,QLD,iron_ore,20969.0
1912,QLD,iron_ore,15774.0
1913,QLD,iron_ore,41491.0
1914,QLD,iron_ore,48859.0
1915,QLD,iron_ore,46417.0
1916,QLD,iron_ore,44868.0
1917,QLD,iron_ore,25466.0
1918,QLD,iron_ore,43467.0
1919,QLD,iron_ore,25071.0
1920,QLD,iron_ore,20024.0
1921,QLD,iron_ore,4126.0
1923,QLD,iron_ore,203.0
1925,QLD,iron_ore,351.0
1926,QLD,iron_ore,4482.592
1927,QLD,iron_ore,514.0
1929,QLD,iron_ore,1256.0
1930,QLD,iron_ore,2456.0
1931,QLD,iron_ore,4629.0
1932,QLD,iron_ore,8364.0
1933,QLD,iron_ore,8690.0
1934,QLD,iron_ore,3282.0
1935,QLD,iron_ore,1137.0
1936,QLD,iron_ore,2338.0
1937,QLD,iron_ore,4551.0
1938,QLD,iron_ore,5207.0
1939,QLD,iron_ore,4003.0
1940,QLD,iron_ore,2886.0
1941,QLD,iron_ore,2349.0
1942,QLD,iron_ore,3815.0
1943,QLD,iron_ore,3095.0
1944,QLD,iron_ore,2374.0
1945,QLD,iron_ore,1742.0
1946,QLD,iron_ore,1680.0
1947,QLD,iron_ore,1363.0
1948,QLD,iron_ore,1592.0
1949,QLD,iron_ore,1493.0
1950,QLD,iron_ore,1990.0
1951,QLD,iron_ore,1629.0
1952,QLD,iron_ore,1273.0
1953,QLD,iron_ore,1063.0
1954,QLD,iron_ore,165.0
1955,QLD,iron_ore,939.0
1956,QLD,iron_ore,4158.0
1957,QLD,iron_ore,4341.0
1958,QLD,iron_ore,1012.0
1959,QLD,iron_ore,1344.0
1960,QLD,iron_ore,1787.0
1961,QLD,iron_ore,1774.0
1962,QLD,iron_ore,2374.0
1963,QLD,iron_ore,3118.0
1964,QLD,iron_ore,3518.0
1965,QLD,iron_ore,7475.0
1966,QLD,iron_ore,1987.0
1967,QLD,iron_ore,11263.0
1968,QLD,iron_ore,17554.0
1969,QLD,iron_ore,12786.0
1970,QLD,iron_ore,22627.0
1971,QLD,iron_ore,26314.0
1972,QLD,iron_ore,42595.0
1973,QLD,iron_ore,28127.0
1974,QLD,iron_ore,27148.0
1975,QLD,iron_ore,29117.0
1976,QLD,iron_ore,28666.0
1977,QLD,iron_ore,28237.0
1978,QLD,iron_ore,32700.0
1979,QLD,iron_ore,33663.0
1980,QLD,iron_ore,26755.0
1981,QLD,iron_ore,41160.0
1983,QLD,iron_ore,30861.0
1984,QLD,iron_ore,36095.0
1985,QLD,iron_ore,31503.0
1986,QLD,iron_ore,32495.0
1987,QLD,iron_ore,29716.0
1988,QLD,iron_ore,32246.0
1989,QLD,iron_ore,29387.0
1991,QLD,iron_ore,29143.0
1992,QLD,iron_ore,34897.0
1993,QLD,iron_ore,21046.0
1994,QLD,iron_ore,37221.0
1995,QLD,iron_ore,24551.0
1996,QLD,iron_ore,28656.0
1997,QLD,iron_ore,24909.0
1998,QLD,iron_ore,23116.0
1999,QLD,iron_ore,20840.0
1850,SA,iron_ore,119.0
1860,SA,iron_ore,5.08
1862,SA,iron_ore,9.14
1865,SA,iron_ore,20.3
1874,SA,iron_ore,6.1
1879,SA,iron_ore,298.0
1880,SA,iron_ore,2.03
1889,SA,iron_ore,4467.0
1890,SA,iron_ore,4030.0
1891,SA,iron_ore,6908.0
1892,SA,iron_ore,4251.0
1893,SA,iron_ore,3099.0
1894,SA,iron_ore,1589.0
1895,SA,iron_ore,1637.0
1896,SA,iron_ore,111.0
1897,SA,iron_ore,410.0
1903,SA,iron_ore,86291.0
1904,SA,iron_ore,47434.0
1905,SA,iron_ore,85835.0
1906,SA,iron_ore,76430.0
1907,SA,iron_ore,85954.0
1908,SA,iron_ore,89408.0
1909,SA,iron_ore,16378.0
1910,SA,iron_ore,46939.0
1911,SA,iron_ore,42977.0
1912,SA,iron_ore,42875.0
1913,SA,iron_ore,61629.0
1914,SA,iron_ore,43304.0
1915,SA,iron_ore,241173.0
1916,SA,iron_ore,191342.0
1917,SA,iron_ore,333640.0
1918,SA,iron_ore,261141.0
1919,SA,iron_ore,272826.0
1920,SA,iron_ore,419647.0
1921,SA,iron_ore,515105.0
1922,SA,iron_ore,52246.0
1923,SA,iron_ore,390585.0
1924,SA,iron_ore,589593.0
1925,SA,iron_ore,596038.0
1926,SA,iron_ore,593085.0
1927,SA,iron_ore,733984.0
1928,SA,iron_ore,628209.0
1929,SA,iron_ore,861378.0
1930,SA,iron_ore,943246.0
1931,SA,iron_ore,293806.0
1932,SA,iron_ore,546535.0
1933,SA,iron_ore,732724.0
1934,SA,iron_ore,1264143.0
1935,SA,iron_ore,1898619.0
1936,SA,iron_ore,1917495.0
1937,SA,iron_ore,1896277.0
1938,SA,iron_ore,2281292.0
1939,SA,iron_ore,2795787.0
1940,SA,iron_ore,2350369.0
1941,SA,iron_ore,2276233.0
1942,SA,iron_ore,2156005.0
1943,SA,iron_ore,2217756.0
1944,SA,iron_ore,2061709.0
1945,SA,iron_ore,1543908.0
1946,SA,iron_ore,1847307.0
1947,SA,iron_ore,2179857.0
1948,SA,iron_ore,2067383.0
1949,SA,iron_ore,1470895.0
1950,SA,iron_ore,2387421.0
1951,SA,iron_ore,2438986.0
1952,SA,iron_ore,2726909.0
1953,SA,iron_ore,2632796.0
1954,SA,iron_ore,2912933.0
1955,SA,iron_ore,3092683.0
1956,SA,iron_ore,3644489.0
1957,SA,iron_ore,3443465.0
1958,SA,iron_ore,3406238.0
1959,SA,iron_ore,3477980.0
1960,SA,iron_ore,3491587.0
1961,SA,iron_ore,4055204.0
1962,SA,iron_ore,3566429.0
1963,SA,iron_ore,4310219.0
1964,SA,iron_ore,4436954.0
1965,SA,iron_ore,4462612.0
1966,SA,iron_ore,4875508.0
1967,SA,iron_ore,4645100.0
1968,SA,iron_ore,5565749.0
1969,SA,iron_ore,7041731.0
1970,SA,iron_ore,7705356.0
1971,SA,iron_ore,6866229.0
1972,SA,iron_ore,6327469.0
1973,SA,iron_ore,6579628.0
1974,SA,iron_ore,5468306.0
1975,SA,iron_ore,5301012.0
1976,SA,iron_ore,4090316.0
1977,SA,iron_ore,2692861.0
1978,SA,iron_ore,2376380.0
1979,SA,iron_ore,2627898.0
1980,SA,iron_ore,2498386.0
1981,SA,iron_ore,2455944.0
1982,SA,iron_ore,1765379.0
1983,SA,iron_ore,1505931.0
1984,SA,iron_ore,1752957.0
1985,SA,iron_ore,1726304.0
1986,SA,iron_ore,1976949.0
1987,SA,iron_ore,1995043.0
1988,SA,iron_ore,2062504.0
1989,SA,iron_ore,2520399.0
1990,SA,iron_ore,2417000.0
1991,SA,iron_ore,2141000.0
1992,SA,iron_ore,2531000.0
1993,SA,iron_ore,2828000.0
1994,SA,iron_ore,2931000.0
1995,SA,iron_ore,2558000.0
1996,SA,iron_ore,2515000.0
1997,SA,iron_ore,2579000.0
1998,SA,iron_ore,2931000.0
1999,SA,iron_ore,3005333.0
2000,SA,iron_ore,2763000.0
2001,SA,iron_ore,3009781.0
2002,SA,iron_ore,3290217.0
2003,SA,iron_ore,2689089.0
2004,SA,iron_ore,3475249.0
2005,SA,iron_ore,3490231.0
2006,SA,iron_ore,3972452.0
2007,SA,iron_ore,6538269.0
2008,SA,iron_ore,7711703.0
2009,SA,iron_ore,7322987.0
2010,SA,iron_ore,9197017.0
2011,SA,iron_ore,10192493.0
2012,SA,iron_ore,10719749.0
2013,SA,iron_ore,11317000.0
2014,SA,iron_ore,11272000.0
2015,SA,iron_ore,9122000.0
2016,SA,iron_ore,8929706.0
2017,SA,iron_ore,6000000.0
2018,SA,iron_ore,6000000.0
2019,SA,iron_ore,5750000.0
2020,SA,iron_ore,5750000.0
2021,SA,iron_ore,5750000.0
1901,TAS,iron_ore,622.0
1902,TAS,iron_ore,2424.0
1903,TAS,iron_ore,6076.0
1904,TAS,iron_ore,6949.0
1905,TAS,iron_ore,6401.0
1906,TAS,iron_ore,2642.0
1907,TAS,iron_ore,3048.0
1908,TAS,iron_ore,3658.0
1937,TAS,iron_ore,62.0
1940,TAS,iron_ore,1186.0
1941,TAS,iron_ore,2215.0
1946,TAS,iron_ore,251.0
1947,TAS,iron_ore,399.0
1948,TAS,iron_ore,323.0
1949,TAS,iron_ore,1531.0
1950,TAS,iron_ore,1545.0
1951,TAS,iron_ore,3287.0
1952,TAS,iron_ore,4750.0
1953,TAS,iron_ore,4904.0
1954,TAS,iron_ore,6482.0
1955,TAS,iron_ore,6687.0
1956,TAS,iron_ore,5776.0
1957,TAS,iron_ore,5867.0
1958,TAS,iron_ore,4334.0
1959,TAS,iron_ore,5143.0
1960,TAS,iron_ore,3553.0
1961,TAS,iron_ore,2346.0
1962,TAS,iron_ore,4147.0
1963,TAS,iron_ore,4289.0
1964,TAS,iron_ore,6917.0
1969,TAS,iron_ore,1994255.0
1970,TAS,iron_ore,1948663.0
1971,TAS,iron_ore,2193179.0
1972,TAS,iron_ore,2352000.0
1973,TAS,iron_ore,2415000.0
1974,TAS,iron_ore,2182000.0
1975,TAS,iron_ore,2060000.0
1976,TAS,iron_ore,2228000.0
1977,TAS,iron_ore,2046000.0
1978,TAS,iron_ore,2093000.0
1979,TAS,iron_ore,2212000.0
1980,TAS,iron_ore,2132000.0
1981,TAS,iron_ore,2234000.0
1982,TAS,iron_ore,2094000.0
1983,TAS,iron_ore,2229000.0
1984,TAS,iron_ore,2022000.0
1985,TAS,iron_ore,2484000.0
1986,TAS,iron_ore,2190000.0
1987,TAS,iron_ore,1861000.0
1988,TAS,iron_ore,2534625.0
1989,TAS,iron_ore,2495675.0
1990,TAS,iron_ore,2119821.0
1991,TAS,iron_ore,1363057.0
1992,TAS,iron_ore,1436718.0
1993,TAS,iron_ore,1590129.0
1994,TAS,iron_ore,1573085.0
1995,TAS,iron_ore,1703541.0
1996,TAS,iron_ore,1717134.0
1997,TAS,iron_ore,184314.0
1998,TAS,iron_ore,3878223.0
1999,TAS,iron_ore,2454163.0
2000,TAS,iron_ore,2245873.0
2001,TAS,iron_ore,2201028.0
2002,TAS,iron_ore,2325961.0
2003,TAS,iron_ore,2452906.0
2004,TAS,iron_ore,2286466.0
2005,TAS,iron_ore,2354008.0
2006,TAS,iron_ore,1823197.0
2007,TAS,iron_ore,2554362.0
2008,TAS,iron_ore,2624125.0
2009,TAS,iron_ore,2483357.0
2010,TAS,iron_ore,2397946.0
2011,TAS,iron_ore,2151032.0
2012,TAS,iron_ore,2179543.0
2013,TAS,iron_ore,2126236.0
2014,TAS,iron_ore,2723714.0
2015,TAS,iron_ore,2923208.0
2016,TAS,iron_ore,2606630.0
2017,TAS,iron_ore,2060285.0
2018,TAS,iron_ore,1396107.0
2019,TAS,iron_ore,2251172.0
2020,TAS,iron_ore,2553304.0
2021,TAS,iron_ore,2823834.0
1941,VIC,iron_ore,5.08
1942,VIC,iron_ore,22.4
1955,VIC,iron_ore,2032.0
1956,VIC,iron_ore,2337.0
1957,VIC,iron_ore,2337.0
1958,VIC,iron_ore,770.0
1959,VIC,iron_ore,2277.0
1960,VIC,iron_ore,1171.0
1961,VIC,iron_ore,701.0
1962,VIC,iron_ore,82.3
1963,VIC,iron_ore,103.0
1964,VIC,iron_ore,108.0
1965,VIC,iron_ore,203.0
1966,VIC,iron_ore,429.0
1967,VIC,iron_ore,488.0
1968,VIC,iron_ore,177.0
1969,VIC,iron_ore,151.0
1970,VIC,iron_ore,387.0
1971,VIC,iron_ore,275.0
1972,VIC,iron_ore,371.0
1973,VIC,iron_ore,433.0
1974,VIC,iron_ore,364.0
1975,VIC,iron_ore,5061.0
1976,VIC,iron_ore,3567.0
1977,VIC,iron_ore,284.0
1978,VIC,iron_ore,8572.0
1979,VIC,iron_ore,1969.0
1983,VIC,iron_ore,1102.0
1898,WA,iron_ore,102.0
1899,WA,iron_ore,13058.0
1900,WA,iron_ore,12447.0
1901,WA,iron_ore,20898.0
1902,WA,iron_ore,4876.8
1903,WA,iron_ore,223.52
1904,WA,iron_ore,1464.056
1905,WA,iron_ore,3264.408
1906,WA,iron_ore,1300.48
1907,WA,iron_ore,1111.504
1910,WA,iron_ore,10.16
1942,WA,iron_ore,152.4
1943,WA,iron_ore,85.344
1948,WA,iron_ore,7338.0
1949,WA,iron_ore,12724.0
1950,WA,iron_ore,15133.0
1951,WA,iron_ore,36222.0
1952,WA,iron_ore,227369.0
1953,WA,iron_ore,718701.0
1954,WA,iron_ore,662172.0
1955,WA,iron_ore,537088.0
1956,WA,iron_ore,342280.0
1957,WA,iron_ore,422896.0
1958,WA,iron_ore,582095.0
1959,WA,iron_ore,738717.0
1960,WA,iron_ore,943318.0
1961,WA,iron_ore,1381301.0
1962,WA,iron_ore,1453644.0
1963,WA,iron_ore,1354468.0
1964,WA,iron_ore,1379438.0
1965,WA,iron_ore,2350449.0
1966,WA,iron_ore,6203803.0
1967,WA,iron_ore,12355273.0
1968,WA,iron_ore,19128834.0
1969,WA,iron_ore,28617000.0
1970,WA,iron_ore,40326000.0
1971,WA,iron_ore,51897000.0
1972,WA,iron_ore,54782000.0
1973,WA,iron_ore,74994000.0
1974,WA,iron_ore,88589000.0
1975,WA,iron_ore,90290000.0
1976,WA,iron_ore,86937000.0
1977,WA,iron_ore,91185000.0
1978,WA,iron_ore,78665000.0
1979,WA,iron_ore,86882000.0
1980,WA,iron_ore,93212714.0
1981,WA,iron_ore,75306403.0
1982,WA,iron_ore,78182395.0
1983,WA,iron_ore,74983543.0
1984,WA,iron_ore,90631128.0
1985,WA,iron_ore,88670729.0
1986,WA,iron_ore,81290940.0
1987,WA,iron_ore,84122743.0
1988,WA,iron_ore,98319089.0
1989,WA,iron_ore,106469970.0
1990,WA,iron_ore,105970657.0
1991,WA,iron_ore,114167774.0
1992,WA,iron_ore,108147133.0
1993,WA,iron_ore,116273823.0
1994,WA,iron_ore,124262000.0
1995,WA,iron_ore,138702217.0
1996,WA,iron_ore,147905472.0
1997,WA,iron_ore,153523142.0
1998,WA,iron_ore,153921489.0
1999,WA,iron_ore,146098944.0
2000,WA,iron_ore,164803647.0
2001,WA,iron_ore,175422900.0
2002,WA,iron_ore,180972411.0
2003,WA,iron_ore,207144424.0
2004,WA,iron_ore,227439089.0
2005,WA,iron_ore,255252928.0
2006,WA,iron_ore,268372683.0
2007,WA,iron_ore,288943358.0
2008,WA,iron_ore,328920680.0
2009,WA,iron_ore,377941900.0
2010,WA,iron_ore,418921450.0
2011,WA,iron_ore,462795803.0
2012,WA,iron_ore,504507036.0
2013,WA,iron_ore,593336462.0
2014,WA,iron_ore,724186529.0
2015,WA,iron_ore,797836555.0
2016,WA,iron_ore,846489297.0
2017,WA,iron_ore,876807170.0
2018,WA,iron_ore,896454386.0
2019,WA,iron_ore,909044407.0
2020,WA,iron_ore,909759918.0
2021,WA,iron_ore,911085189.0
